,admin_2,admin_1,pixel,area,SoS,NRate
30,Buhera,Manicaland,"(31.2, -19.3)",1.0,306,0.0
31,Buhera,Manicaland,"(31.2, -19.2)",1.0,308,0.0
32,Buhera,Manicaland,"(31.3, -19.3)",1.0,306,0.0
33,Buhera,Manicaland,"(31.3, -19.2)",1.0,313,0.0
34,Buhera,Manicaland,"(31.3, -19.1)",1.0,309,0.0
35,Buhera,Manicaland,"(31.4, -19.4)",1.0,311,0.0
36,Buhera,Manicaland,"(31.4, -19.3)",1.0,310,0.0
37,Buhera,Manicaland,"(31.4, -19.2)",1.0,314,0.0
38,Buhera,Manicaland,"(31.4, -19.1)",1.0,308,0.0
39,Buhera,Manicaland,"(31.5, -19.4)",1.0,309,0.0
40,Buhera,Manicaland,"(31.5, -19.3)",1.0,315,0.0
41,Buhera,Manicaland,"(31.5, -19.2)",1.0,319,0.0
42,Buhera,Manicaland,"(31.5, -19.1)",1.0,310,0.0
43,Buhera,Manicaland,"(31.6, -19.5)",1.0,313,0.0
44,Buhera,Manicaland,"(31.6, -19.4)",1.0,314,0.0
45,Buhera,Manicaland,"(31.6, -19.3)",1.0,311,0.0
46,Buhera,Manicaland,"(31.6, -19.2)",1.0,315,0.0
47,Buhera,Manicaland,"(31.6, -19.1)",1.0,314,0.0
48,Buhera,Manicaland,"(31.6, -19.0)",1.0,316,0.0
49,Buhera,Manicaland,"(31.7, -19.6)",1.0,311,0.0
50,Buhera,Manicaland,"(31.7, -19.5)",1.0,314,0.0
51,Buhera,Manicaland,"(31.7, -19.4)",1.0,313,0.0
52,Buhera,Manicaland,"(31.7, -19.3)",1.0,314,0.0
53,Buhera,Manicaland,"(31.7, -19.2)",1.0,313,0.0
54,Buhera,Manicaland,"(31.7, -19.1)",1.0,311,0.0
55,Buhera,Manicaland,"(31.7, -19.0)",1.0,311,0.0
56,Buhera,Manicaland,"(31.8, -19.7)",1.0,308,0.0
57,Buhera,Manicaland,"(31.8, -19.6)",1.0,309,0.0
58,Buhera,Manicaland,"(31.8, -19.5)",1.0,314,0.0
59,Buhera,Manicaland,"(31.8, -19.4)",1.0,314,0.0
60,Buhera,Manicaland,"(31.8, -19.3)",1.0,311,0.0
61,Buhera,Manicaland,"(31.8, -19.2)",1.0,310,0.0
62,Buhera,Manicaland,"(31.8, -19.1)",1.0,311,0.0
63,Buhera,Manicaland,"(31.8, -19.0)",1.0,311,0.0
64,Buhera,Manicaland,"(31.9, -19.8)",1.0,310,0.0
65,Buhera,Manicaland,"(31.9, -19.7)",1.0,310,0.0
66,Buhera,Manicaland,"(31.9, -19.6)",1.0,313,0.0
67,Buhera,Manicaland,"(31.9, -19.5)",1.0,315,0.0
68,Buhera,Manicaland,"(31.9, -19.4)",1.0,313,0.0
69,Buhera,Manicaland,"(31.9, -19.3)",1.0,306,0.0
70,Buhera,Manicaland,"(31.9, -19.2)",1.0,309,0.0
71,Buhera,Manicaland,"(31.9, -19.1)",1.0,309,0.0
72,Buhera,Manicaland,"(32.0, -19.9)",1.0,309,0.0
73,Buhera,Manicaland,"(32.0, -19.8)",1.0,309,0.0
74,Buhera,Manicaland,"(32.0, -19.7)",1.0,313,0.0
75,Buhera,Manicaland,"(32.0, -19.6)",1.0,315,0.0
76,Buhera,Manicaland,"(32.0, -19.5)",1.0,314,0.0
77,Buhera,Manicaland,"(32.0, -19.4)",1.0,313,0.0
78,Buhera,Manicaland,"(32.0, -19.3)",1.0,313,0.0
79,Buhera,Manicaland,"(32.0, -19.2)",1.0,313,0.0
80,Buhera,Manicaland,"(32.0, -19.1)",1.0,314,0.0
81,Buhera,Manicaland,"(32.1, -19.9)",1.0,305,0.0
82,Buhera,Manicaland,"(32.1, -19.8)",1.0,310,0.0
83,Buhera,Manicaland,"(32.1, -19.7)",1.0,317,0.0
84,Buhera,Manicaland,"(32.1, -19.6)",1.0,314,0.0
85,Buhera,Manicaland,"(32.1, -19.5)",1.0,315,0.0
86,Buhera,Manicaland,"(32.1, -19.4)",1.0,314,0.0
87,Buhera,Manicaland,"(32.1, -19.3)",1.0,310,0.0
88,Buhera,Manicaland,"(32.2, -20.0)",1.0,303,0.0
89,Buhera,Manicaland,"(32.2, -19.9)",1.0,306,0.0
90,Buhera,Manicaland,"(32.2, -19.8)",1.0,310,0.0
91,Buhera,Manicaland,"(32.2, -19.7)",1.0,309,0.0
92,Buhera,Manicaland,"(32.2, -19.6)",1.0,305,0.0
93,Buhera,Manicaland,"(32.2, -19.5)",1.0,306,0.0
94,Buhera,Manicaland,"(32.2, -19.4)",1.0,311,0.0
95,Buhera,Manicaland,"(32.3, -20.0)",1.0,308,0.0
96,Buhera,Manicaland,"(32.3, -19.9)",1.0,311,0.0
97,Buhera,Manicaland,"(32.3, -19.8)",1.0,304,0.0
98,Buhera,Manicaland,"(32.3, -19.7)",1.0,295,0.0
99,Buhera,Manicaland,"(32.3, -19.6)",1.0,298,0.0
100,Buhera,Manicaland,"(32.4, -19.9)",1.0,306,0.0
101,Buhera,Manicaland,"(32.4, -19.8)",1.0,304,0.0
102,Buhera,Manicaland,"(32.4, -19.7)",1.0,298,0.0
311,Mutare Rural,Manicaland,"(32.0, -19.3)",1.0,313,0.0
312,Mutare Rural,Manicaland,"(32.0, -19.2)",1.0,313,0.0
313,Mutare Rural,Manicaland,"(32.1, -19.4)",1.0,314,0.0
314,Mutare Rural,Manicaland,"(32.1, -19.3)",1.0,310,0.0
315,Mutare Rural,Manicaland,"(32.1, -19.2)",1.0,315,0.0
316,Mutare Rural,Manicaland,"(32.1, -19.1)",1.0,314,0.0
317,Mutare Rural,Manicaland,"(32.1, -19.0)",1.0,316,0.0
318,Mutare Rural,Manicaland,"(32.2, -19.6)",1.0,305,0.0
319,Mutare Rural,Manicaland,"(32.2, -19.5)",1.0,306,0.0
320,Mutare Rural,Manicaland,"(32.2, -19.4)",1.0,311,0.0
321,Mutare Rural,Manicaland,"(32.2, -19.3)",1.0,313,0.0
322,Mutare Rural,Manicaland,"(32.2, -19.2)",1.0,316,0.0
323,Mutare Rural,Manicaland,"(32.2, -19.1)",1.0,319,0.0
324,Mutare Rural,Manicaland,"(32.2, -19.0)",1.0,321,0.0
325,Mutare Rural,Manicaland,"(32.2, -18.9)",1.0,319,0.0
326,Mutare Rural,Manicaland,"(32.2, -18.8)",1.0,316,0.0
327,Mutare Rural,Manicaland,"(32.3, -19.7)",1.0,295,0.0
328,Mutare Rural,Manicaland,"(32.3, -19.6)",1.0,298,0.0
329,Mutare Rural,Manicaland,"(32.3, -19.5)",1.0,311,0.0
330,Mutare Rural,Manicaland,"(32.3, -19.4)",1.0,311,0.0
331,Mutare Rural,Manicaland,"(32.3, -19.3)",1.0,319,0.0
332,Mutare Rural,Manicaland,"(32.3, -19.2)",1.0,321,0.0
333,Mutare Rural,Manicaland,"(32.3, -19.1)",1.0,319,0.0
334,Mutare Rural,Manicaland,"(32.3, -19.0)",1.0,319,0.0
335,Mutare Rural,Manicaland,"(32.3, -18.9)",1.0,316,0.0
336,Mutare Rural,Manicaland,"(32.3, -18.8)",1.0,317,0.0
337,Mutare Rural,Manicaland,"(32.3, -18.7)",1.0,316,0.0
338,Mutare Rural,Manicaland,"(32.4, -19.8)",1.0,304,0.0
339,Mutare Rural,Manicaland,"(32.4, -19.7)",1.0,298,0.0
340,Mutare Rural,Manicaland,"(32.4, -19.6)",1.0,299,0.0
341,Mutare Rural,Manicaland,"(32.4, -19.5)",1.0,308,0.0
342,Mutare Rural,Manicaland,"(32.4, -19.4)",1.0,314,0.0
343,Mutare Rural,Manicaland,"(32.4, -19.3)",1.0,320,0.0
344,Mutare Rural,Manicaland,"(32.4, -19.2)",1.0,319,0.0
345,Mutare Rural,Manicaland,"(32.4, -19.1)",1.0,320,0.0
346,Mutare Rural,Manicaland,"(32.4, -19.0)",1.0,319,0.0
347,Mutare Rural,Manicaland,"(32.4, -18.9)",1.0,316,0.0
348,Mutare Rural,Manicaland,"(32.4, -18.8)",1.0,315,0.0
349,Mutare Rural,Manicaland,"(32.4, -18.7)",1.0,316,0.0
350,Mutare Rural,Manicaland,"(32.5, -19.7)",1.0,303,0.0
351,Mutare Rural,Manicaland,"(32.5, -19.6)",1.0,306,0.0
352,Mutare Rural,Manicaland,"(32.5, -19.5)",1.0,304,0.0
353,Mutare Rural,Manicaland,"(32.5, -19.4)",1.0,305,0.0
354,Mutare Rural,Manicaland,"(32.5, -19.3)",1.0,319,0.0
355,Mutare Rural,Manicaland,"(32.5, -19.2)",1.0,320,0.0
356,Mutare Rural,Manicaland,"(32.5, -19.1)",1.0,316,0.0
357,Mutare Rural,Manicaland,"(32.5, -19.0)",1.0,319,0.0
358,Mutare Rural,Manicaland,"(32.5, -18.9)",1.0,314,0.0
359,Mutare Rural,Manicaland,"(32.5, -18.8)",1.0,314,0.0
360,Mutare Rural,Manicaland,"(32.5, -18.7)",1.0,315,0.0
361,Mutare Rural,Manicaland,"(32.6, -19.5)",0.8888888888888888,308,0.0
362,Mutare Rural,Manicaland,"(32.6, -19.4)",0.8888888888888888,320,0.0
363,Mutare Rural,Manicaland,"(32.6, -19.3)",0.8888888888888888,319,0.0
364,Mutare Rural,Manicaland,"(32.6, -19.2)",0.8888888888888888,319,0.0
365,Mutare Rural,Manicaland,"(32.6, -19.1)",0.7777777777777777,324,0.0
366,Mutare Rural,Manicaland,"(32.6, -19.0)",0.7777777777777777,317,0.0
367,Mutare Rural,Manicaland,"(32.7, -19.5)",0.7777777777777777,321,0.0
368,Mutare Rural,Manicaland,"(32.7, -19.4)",0.7777777777777777,322,0.0
369,Mutare Rural,Manicaland,"(32.7, -19.3)",0.7777777777777777,319,0.0
370,Mutare Rural,Manicaland,"(32.7, -19.2)",0.8888888888888888,325,0.0
371,Mutare Rural,Manicaland,"(32.7, -19.1)",0.7777777777777777,327,0.0
372,Mutare Rural,Manicaland,"(32.7, -19.0)",0.7777777777777777,321,0.0
373,Mutare Rural,Manicaland,"(32.8, -19.3)",0.7777777777777777,324,0.0
374,Mutare Rural,Manicaland,"(32.8, -19.2)",0.8888888888888888,325,0.0
375,Mutare Rural,Manicaland,"(32.8, -19.0)",0.7777777777777777,356,0.0
2265,Chivi,Masvingo,"(30.1, -20.2)",1.0,314,0.0
2266,Chivi,Masvingo,"(30.1, -20.0)",1.0,313,0.0
2267,Chivi,Masvingo,"(30.2, -20.3)",1.0,315,0.0
2268,Chivi,Masvingo,"(30.2, -20.2)",1.0,320,0.0
2269,Chivi,Masvingo,"(30.2, -20.1)",1.0,317,0.0
2270,Chivi,Masvingo,"(30.2, -20.0)",1.0,314,0.0
2271,Chivi,Masvingo,"(30.3, -20.4)",1.0,320,0.0
2272,Chivi,Masvingo,"(30.3, -20.3)",1.0,315,0.0
2273,Chivi,Masvingo,"(30.3, -20.2)",1.0,317,0.0
2274,Chivi,Masvingo,"(30.3, -20.1)",1.0,317,0.0
2275,Chivi,Masvingo,"(30.3, -20.0)",1.0,319,0.0
2276,Chivi,Masvingo,"(30.4, -20.6)",1.0,325,0.0
2277,Chivi,Masvingo,"(30.4, -20.5)",1.0,319,0.0
2278,Chivi,Masvingo,"(30.4, -20.4)",1.0,315,0.0
2279,Chivi,Masvingo,"(30.4, -20.3)",1.0,316,0.0
2280,Chivi,Masvingo,"(30.4, -20.2)",1.0,317,0.0
2281,Chivi,Masvingo,"(30.4, -20.1)",1.0,315,0.0
2282,Chivi,Masvingo,"(30.4, -20.0)",1.0,317,0.0
2283,Chivi,Masvingo,"(30.5, -20.8)",1.0,320,0.0
2284,Chivi,Masvingo,"(30.5, -20.7)",1.0,324,0.0
2285,Chivi,Masvingo,"(30.5, -20.6)",1.0,321,0.0
2286,Chivi,Masvingo,"(30.5, -20.5)",1.0,322,0.0
2287,Chivi,Masvingo,"(30.5, -20.4)",1.0,317,0.0
2288,Chivi,Masvingo,"(30.5, -20.3)",1.0,321,0.0
2289,Chivi,Masvingo,"(30.5, -20.2)",1.0,317,0.0
2290,Chivi,Masvingo,"(30.5, -20.1)",1.0,319,0.0
2291,Chivi,Masvingo,"(30.6, -20.8)",1.0,316,0.0
2292,Chivi,Masvingo,"(30.6, -20.7)",1.0,317,0.0
2293,Chivi,Masvingo,"(30.6, -20.6)",1.0,321,0.0
2294,Chivi,Masvingo,"(30.6, -20.5)",1.0,320,0.0
2295,Chivi,Masvingo,"(30.6, -20.4)",1.0,321,0.0
2296,Chivi,Masvingo,"(30.6, -20.3)",1.0,316,0.0
2297,Chivi,Masvingo,"(30.6, -20.2)",1.0,317,0.0
2298,Chivi,Masvingo,"(30.7, -20.9)",1.0,320,0.0
2299,Chivi,Masvingo,"(30.7, -20.8)",1.0,315,0.0
2300,Chivi,Masvingo,"(30.7, -20.7)",1.0,322,0.0
2301,Chivi,Masvingo,"(30.7, -20.6)",1.0,320,0.0
2302,Chivi,Masvingo,"(30.7, -20.5)",1.0,320,0.0
2303,Chivi,Masvingo,"(30.7, -20.4)",1.0,319,0.0
2304,Chivi,Masvingo,"(30.7, -20.3)",1.0,316,0.0
2305,Chivi,Masvingo,"(30.8, -20.9)",1.0,320,0.0
2306,Chivi,Masvingo,"(30.8, -20.8)",1.0,321,0.0
2307,Chivi,Masvingo,"(30.8, -20.7)",1.0,324,0.0
2308,Chivi,Masvingo,"(30.8, -20.6)",1.0,322,0.0
2309,Chivi,Masvingo,"(30.9, -21.0)",1.0,316,0.0
2310,Chivi,Masvingo,"(30.9, -20.9)",1.0,317,0.0
2311,Chivi,Masvingo,"(30.9, -20.8)",1.0,319,0.0
2312,Chivi,Masvingo,"(30.9, -20.7)",1.0,324,0.0
2313,Chivi,Masvingo,"(31.0, -21.0)",1.0,321,0.0
2314,Chivi,Masvingo,"(31.0, -20.9)",1.0,316,0.0
2315,Chivi,Masvingo,"(31.0, -20.8)",1.0,316,0.0
2316,Chivi,Masvingo,"(31.1, -20.9)",1.0,319,0.0
2646,Zaka,Masvingo,"(31.1, -20.4)",1.0,319,0.0
2647,Zaka,Masvingo,"(31.1, -20.3)",1.0,321,0.0
2648,Zaka,Masvingo,"(31.1, -20.2)",1.0,321,0.0
2649,Zaka,Masvingo,"(31.2, -20.8)",1.0,315,0.0
2650,Zaka,Masvingo,"(31.2, -20.7)",1.0,320,0.0
2651,Zaka,Masvingo,"(31.2, -20.6)",1.0,325,0.0
2652,Zaka,Masvingo,"(31.2, -20.5)",1.0,319,0.0
2653,Zaka,Masvingo,"(31.2, -20.4)",1.0,321,0.0
2654,Zaka,Masvingo,"(31.2, -20.3)",1.0,324,0.0
2655,Zaka,Masvingo,"(31.2, -20.2)",1.0,319,0.0
2656,Zaka,Masvingo,"(31.3, -20.8)",1.0,320,0.0
2657,Zaka,Masvingo,"(31.3, -20.7)",1.0,325,0.0
2658,Zaka,Masvingo,"(31.3, -20.6)",1.0,325,0.0
2659,Zaka,Masvingo,"(31.3, -20.5)",1.0,324,0.0
2660,Zaka,Masvingo,"(31.3, -20.4)",1.0,324,0.0
2661,Zaka,Masvingo,"(31.3, -20.3)",1.0,322,0.0
2662,Zaka,Masvingo,"(31.3, -20.2)",1.0,317,0.0
2663,Zaka,Masvingo,"(31.3, -20.1)",1.0,319,0.0
2664,Zaka,Masvingo,"(31.3, -20.0)",1.0,320,0.0
2665,Zaka,Masvingo,"(31.4, -20.7)",1.0,319,0.0
2666,Zaka,Masvingo,"(31.4, -20.6)",1.0,322,0.0
2667,Zaka,Masvingo,"(31.4, -20.5)",1.0,324,0.0
2668,Zaka,Masvingo,"(31.4, -20.4)",1.0,324,0.0
2669,Zaka,Masvingo,"(31.4, -20.3)",1.0,324,0.0
2670,Zaka,Masvingo,"(31.4, -20.2)",1.0,325,0.0
2671,Zaka,Masvingo,"(31.4, -20.1)",1.0,322,0.0
2672,Zaka,Masvingo,"(31.4, -20.0)",1.0,319,0.0
2673,Zaka,Masvingo,"(31.5, -20.7)",1.0,315,0.0
2674,Zaka,Masvingo,"(31.5, -20.6)",1.0,321,0.0
2675,Zaka,Masvingo,"(31.5, -20.5)",1.0,326,0.0
2676,Zaka,Masvingo,"(31.5, -20.4)",1.0,324,0.0
2677,Zaka,Masvingo,"(31.5, -20.3)",1.0,321,0.0
2678,Zaka,Masvingo,"(31.5, -20.2)",1.0,321,0.0
2679,Zaka,Masvingo,"(31.5, -20.1)",1.0,320,0.0
2680,Zaka,Masvingo,"(31.5, -20.0)",1.0,321,0.0
2681,Zaka,Masvingo,"(31.6, -20.6)",1.0,319,0.0
2682,Zaka,Masvingo,"(31.6, -20.5)",1.0,324,0.0
2683,Zaka,Masvingo,"(31.6, -20.4)",1.0,320,0.0
2684,Zaka,Masvingo,"(31.6, -20.3)",1.0,317,0.0
2685,Zaka,Masvingo,"(31.6, -20.2)",1.0,322,0.0
2686,Zaka,Masvingo,"(31.6, -20.1)",1.0,327,0.0
2687,Zaka,Masvingo,"(31.7, -20.7)",1.0,322,0.0
2688,Zaka,Masvingo,"(31.7, -20.6)",1.0,321,0.0
2689,Zaka,Masvingo,"(31.7, -20.5)",1.0,325,0.0
2690,Zaka,Masvingo,"(31.7, -20.4)",1.0,317,0.0
2691,Zaka,Masvingo,"(31.7, -20.3)",1.0,314,0.0
2692,Zaka,Masvingo,"(31.8, -20.6)",1.0,331,0.0
2693,Binga,Matabeleland North,"(26.9, -18.2)",1.0,310,0.0
2694,Binga,Matabeleland North,"(26.9, -18.1)",1.0,304,0.0
2695,Binga,Matabeleland North,"(26.9, -18.0)",1.0,305,0.0
2696,Binga,Matabeleland North,"(27.0, -18.2)",1.0,309,0.0
2697,Binga,Matabeleland North,"(27.0, -18.1)",1.0,311,0.0
2698,Binga,Matabeleland North,"(27.0, -18.0)",1.0,308,0.0
2699,Binga,Matabeleland North,"(27.1, -18.3)",1.0,310,0.0
2700,Binga,Matabeleland North,"(27.1, -18.2)",1.0,313,0.0
2701,Binga,Matabeleland North,"(27.1, -18.1)",1.0,311,0.0
2702,Binga,Matabeleland North,"(27.1, -18.0)",1.0,309,0.0
2703,Binga,Matabeleland North,"(27.1, -17.9)",0.8888888888888888,322,0.0
2704,Binga,Matabeleland North,"(27.2, -18.5)",1.0,309,0.0
2705,Binga,Matabeleland North,"(27.2, -18.4)",1.0,305,0.0
2706,Binga,Matabeleland North,"(27.2, -18.3)",1.0,308,0.0
2707,Binga,Matabeleland North,"(27.2, -18.2)",1.0,311,0.0
2708,Binga,Matabeleland North,"(27.2, -18.1)",1.0,310,0.0
2709,Binga,Matabeleland North,"(27.2, -18.0)",1.0,310,0.0
2710,Binga,Matabeleland North,"(27.2, -17.9)",0.8888888888888888,317,0.0
2711,Binga,Matabeleland North,"(27.2, -17.8)",0.7777777777777777,316,0.0
2712,Binga,Matabeleland North,"(27.3, -18.5)",1.0,313,0.0
2713,Binga,Matabeleland North,"(27.3, -18.4)",1.0,304,0.0
2714,Binga,Matabeleland North,"(27.3, -18.3)",1.0,309,0.0
2715,Binga,Matabeleland North,"(27.3, -18.2)",1.0,311,0.0
2716,Binga,Matabeleland North,"(27.3, -18.1)",1.0,315,0.0
2717,Binga,Matabeleland North,"(27.3, -18.0)",1.0,314,0.0
2718,Binga,Matabeleland North,"(27.3, -17.9)",1.0,315,0.0
2719,Binga,Matabeleland North,"(27.3, -17.8)",1.0,314,0.0
2720,Binga,Matabeleland North,"(27.3, -17.7)",0.7777777777777777,311,0.0
2721,Binga,Matabeleland North,"(27.4, -18.5)",1.0,313,0.0
2722,Binga,Matabeleland North,"(27.4, -18.4)",1.0,314,0.0
2723,Binga,Matabeleland North,"(27.4, -18.3)",1.0,311,0.0
2724,Binga,Matabeleland North,"(27.4, -18.2)",1.0,310,0.0
2725,Binga,Matabeleland North,"(27.4, -18.1)",1.0,314,0.0
2726,Binga,Matabeleland North,"(27.4, -18.0)",1.0,314,0.0
2727,Binga,Matabeleland North,"(27.4, -17.9)",1.0,310,0.0
2728,Binga,Matabeleland North,"(27.4, -17.8)",1.0,313,0.0
2729,Binga,Matabeleland North,"(27.4, -17.7)",0.8888888888888888,317,0.0
2730,Binga,Matabeleland North,"(27.4, -17.6)",0.7777777777777777,315,0.0
2732,Binga,Matabeleland North,"(27.5, -18.5)",1.0,306,0.0
2733,Binga,Matabeleland North,"(27.5, -18.4)",1.0,309,0.0
2734,Binga,Matabeleland North,"(27.5, -18.3)",1.0,315,0.0
2735,Binga,Matabeleland North,"(27.5, -18.2)",1.0,311,0.0
2736,Binga,Matabeleland North,"(27.5, -18.1)",1.0,314,0.0
2737,Binga,Matabeleland North,"(27.5, -18.0)",1.0,308,0.0
2738,Binga,Matabeleland North,"(27.5, -17.9)",1.0,313,0.0
2739,Binga,Matabeleland North,"(27.5, -17.8)",1.0,315,0.0
2740,Binga,Matabeleland North,"(27.5, -17.7)",1.0,322,0.0
2741,Binga,Matabeleland North,"(27.5, -17.6)",1.0,315,0.0
2742,Binga,Matabeleland North,"(27.6, -18.4)",1.0,309,0.0
2743,Binga,Matabeleland North,"(27.6, -18.3)",1.0,314,0.0
2744,Binga,Matabeleland North,"(27.6, -18.2)",1.0,313,0.0
2745,Binga,Matabeleland North,"(27.6, -18.1)",1.0,309,0.0
2746,Binga,Matabeleland North,"(27.6, -18.0)",1.0,310,0.0
2747,Binga,Matabeleland North,"(27.6, -17.9)",1.0,313,0.0
2748,Binga,Matabeleland North,"(27.6, -17.8)",1.0,314,0.0
2749,Binga,Matabeleland North,"(27.6, -17.7)",1.0,316,0.0
2750,Binga,Matabeleland North,"(27.6, -17.6)",1.0,310,0.0
2751,Binga,Matabeleland North,"(27.6, -17.5)",0.8888888888888888,313,0.0
2752,Binga,Matabeleland North,"(27.6, -17.4)",0.8888888888888888,314,0.0
2753,Binga,Matabeleland North,"(27.7, -18.4)",1.0,309,0.0
2754,Binga,Matabeleland North,"(27.7, -18.3)",1.0,310,0.0
2755,Binga,Matabeleland North,"(27.7, -18.2)",1.0,310,0.0
2756,Binga,Matabeleland North,"(27.7, -18.1)",1.0,306,0.0
2757,Binga,Matabeleland North,"(27.7, -18.0)",1.0,311,0.0
2758,Binga,Matabeleland North,"(27.7, -17.9)",1.0,316,0.0
2759,Binga,Matabeleland North,"(27.7, -17.8)",1.0,319,0.0
2760,Binga,Matabeleland North,"(27.7, -17.7)",1.0,315,0.0
2761,Binga,Matabeleland North,"(27.7, -17.6)",1.0,306,0.0
2762,Binga,Matabeleland North,"(27.7, -17.5)",1.0,308,0.0
2763,Binga,Matabeleland North,"(27.7, -17.4)",1.0,309,0.0
2764,Binga,Matabeleland North,"(27.7, -17.3)",0.8888888888888888,321,0.0
2765,Binga,Matabeleland North,"(27.8, -18.4)",1.0,310,0.0
2766,Binga,Matabeleland North,"(27.8, -18.3)",1.0,314,0.0
2767,Binga,Matabeleland North,"(27.8, -18.2)",1.0,314,0.0
2768,Binga,Matabeleland North,"(27.8, -18.1)",1.0,311,0.0
2769,Binga,Matabeleland North,"(27.8, -18.0)",1.0,314,0.0
2770,Binga,Matabeleland North,"(27.8, -17.9)",1.0,317,0.0
2771,Binga,Matabeleland North,"(27.8, -17.8)",1.0,317,0.0
2772,Binga,Matabeleland North,"(27.8, -17.7)",1.0,320,0.0
2773,Binga,Matabeleland North,"(27.8, -17.6)",1.0,306,0.0
2774,Binga,Matabeleland North,"(27.8, -17.5)",1.0,308,0.0
2775,Binga,Matabeleland North,"(27.8, -17.4)",1.0,309,0.0
2776,Binga,Matabeleland North,"(27.8, -17.3)",1.0,309,0.0
2777,Binga,Matabeleland North,"(27.8, -17.2)",0.8888888888888888,308,0.0
2778,Binga,Matabeleland North,"(27.9, -18.4)",1.0,311,0.0
2779,Binga,Matabeleland North,"(27.9, -18.3)",1.0,316,0.0
2780,Binga,Matabeleland North,"(27.9, -18.2)",1.0,319,0.0
2781,Binga,Matabeleland North,"(27.9, -18.1)",1.0,313,0.0
2782,Binga,Matabeleland North,"(27.9, -18.0)",1.0,315,0.0
2783,Binga,Matabeleland North,"(27.9, -17.9)",1.0,314,0.0
2784,Binga,Matabeleland North,"(27.9, -17.8)",1.0,319,0.0
2785,Binga,Matabeleland North,"(27.9, -17.7)",1.0,316,0.0
2786,Binga,Matabeleland North,"(27.9, -17.6)",1.0,316,0.0
2787,Binga,Matabeleland North,"(27.9, -17.5)",1.0,305,0.0
2788,Binga,Matabeleland North,"(27.9, -17.4)",1.0,313,0.0
2789,Binga,Matabeleland North,"(27.9, -17.3)",1.0,316,0.0
2790,Binga,Matabeleland North,"(27.9, -17.2)",1.0,309,0.0
2791,Binga,Matabeleland North,"(28.0, -18.3)",1.0,315,0.0
2792,Binga,Matabeleland North,"(28.0, -18.2)",1.0,315,0.0
2793,Binga,Matabeleland North,"(28.0, -18.1)",1.0,309,0.0
2794,Binga,Matabeleland North,"(28.0, -18.0)",1.0,309,0.0
2795,Binga,Matabeleland North,"(28.0, -17.9)",1.0,313,0.0
2796,Binga,Matabeleland North,"(28.0, -17.8)",1.0,316,0.0
2797,Binga,Matabeleland North,"(28.0, -17.7)",1.0,324,0.0
2798,Binga,Matabeleland North,"(28.0, -17.6)",1.0,320,0.0
2799,Binga,Matabeleland North,"(28.0, -17.5)",1.0,311,0.0
2800,Binga,Matabeleland North,"(28.0, -17.4)",1.0,308,0.0
2801,Binga,Matabeleland North,"(28.0, -17.3)",1.0,311,0.0
2802,Binga,Matabeleland North,"(28.0, -17.2)",1.0,313,0.0
2803,Binga,Matabeleland North,"(28.0, -17.1)",0.7777777777777777,310,0.0
2804,Binga,Matabeleland North,"(28.1, -18.2)",1.0,311,0.0
2805,Binga,Matabeleland North,"(28.1, -18.1)",1.0,313,0.0
2806,Binga,Matabeleland North,"(28.1, -17.9)",1.0,315,0.0
2807,Binga,Matabeleland North,"(28.1, -17.8)",1.0,317,0.0
2808,Binga,Matabeleland North,"(28.1, -17.7)",1.0,315,0.0
2809,Binga,Matabeleland North,"(28.1, -17.6)",1.0,319,0.0
2810,Binga,Matabeleland North,"(28.1, -17.5)",1.0,313,0.0
2811,Binga,Matabeleland North,"(28.1, -17.4)",1.0,316,0.0
2812,Binga,Matabeleland North,"(28.1, -17.3)",1.0,314,0.0
2813,Binga,Matabeleland North,"(28.1, -17.2)",1.0,314,0.0
2814,Binga,Matabeleland North,"(28.1, -17.1)",0.8888888888888888,311,0.0
2815,Binga,Matabeleland North,"(28.1, -17.0)",0.7777777777777777,314,0.0
2816,Binga,Matabeleland North,"(28.2, -17.7)",1.0,313,0.0
2817,Binga,Matabeleland North,"(28.2, -17.6)",1.0,311,0.0
2818,Binga,Matabeleland North,"(28.2, -17.5)",1.0,313,0.0
2819,Binga,Matabeleland North,"(28.2, -17.4)",1.0,314,0.0
2820,Binga,Matabeleland North,"(28.2, -17.3)",1.0,314,0.0
2821,Binga,Matabeleland North,"(28.2, -17.2)",1.0,310,0.0
2822,Binga,Matabeleland North,"(28.3, -17.4)",1.0,311,0.0
2905,Hwange Rural,Matabeleland North,"(25.3, -18.0)",1.0,311,0.0
2906,Hwange Rural,Matabeleland North,"(25.3, -17.9)",1.0,305,0.0
2910,Hwange Rural,Matabeleland North,"(25.4, -18.0)",1.0,311,0.0
2911,Hwange Rural,Matabeleland North,"(25.4, -17.9)",1.0,304,0.0
2913,Hwange Rural,Matabeleland North,"(25.5, -18.4)",1.0,311,0.0
2914,Hwange Rural,Matabeleland North,"(25.5, -18.3)",1.0,319,0.0
2915,Hwange Rural,Matabeleland North,"(25.5, -18.2)",1.0,314,0.0
2916,Hwange Rural,Matabeleland North,"(25.5, -18.1)",1.0,314,0.0
2917,Hwange Rural,Matabeleland North,"(25.5, -18.0)",1.0,314,0.0
2918,Hwange Rural,Matabeleland North,"(25.5, -17.9)",1.0,306,0.0
2919,Hwange Rural,Matabeleland North,"(25.6, -18.5)",1.0,303,0.0
2920,Hwange Rural,Matabeleland North,"(25.6, -18.4)",1.0,310,0.0
2921,Hwange Rural,Matabeleland North,"(25.6, -18.3)",1.0,311,0.0
2922,Hwange Rural,Matabeleland North,"(25.6, -18.2)",1.0,313,0.0
2923,Hwange Rural,Matabeleland North,"(25.6, -18.1)",1.0,311,0.0
2924,Hwange Rural,Matabeleland North,"(25.6, -18.0)",1.0,311,0.0
2925,Hwange Rural,Matabeleland North,"(25.6, -17.9)",1.0,310,0.0
2928,Hwange Rural,Matabeleland North,"(25.7, -18.5)",1.0,303,0.0
2929,Hwange Rural,Matabeleland North,"(25.7, -18.4)",1.0,308,0.0
2930,Hwange Rural,Matabeleland North,"(25.7, -18.3)",1.0,306,0.0
2931,Hwange Rural,Matabeleland North,"(25.7, -18.2)",1.0,303,0.0
2932,Hwange Rural,Matabeleland North,"(25.7, -18.1)",1.0,306,0.0
2933,Hwange Rural,Matabeleland North,"(25.7, -18.0)",1.0,316,0.0
2934,Hwange Rural,Matabeleland North,"(25.7, -17.9)",1.0,313,0.0
2938,Hwange Rural,Matabeleland North,"(25.8, -18.7)",1.0,306,0.0
2939,Hwange Rural,Matabeleland North,"(25.8, -18.6)",1.0,306,0.0
2940,Hwange Rural,Matabeleland North,"(25.8, -18.5)",1.0,300,0.0
2941,Hwange Rural,Matabeleland North,"(25.8, -18.4)",1.0,297,0.0
2942,Hwange Rural,Matabeleland North,"(25.8, -18.3)",1.0,300,0.0
2943,Hwange Rural,Matabeleland North,"(25.8, -18.2)",1.0,305,0.0
2944,Hwange Rural,Matabeleland North,"(25.8, -18.1)",1.0,305,0.0
2945,Hwange Rural,Matabeleland North,"(25.8, -18.0)",1.0,310,0.0
2946,Hwange Rural,Matabeleland North,"(25.8, -17.9)",1.0,308,0.0
2948,Hwange Rural,Matabeleland North,"(25.9, -18.8)",1.0,314,0.0
2949,Hwange Rural,Matabeleland North,"(25.9, -18.7)",1.0,309,0.0
2950,Hwange Rural,Matabeleland North,"(25.9, -18.6)",1.0,304,0.0
2951,Hwange Rural,Matabeleland North,"(25.9, -18.5)",1.0,300,0.0
2952,Hwange Rural,Matabeleland North,"(25.9, -18.4)",1.0,300,0.0
2953,Hwange Rural,Matabeleland North,"(25.9, -18.3)",1.0,297,0.0
2954,Hwange Rural,Matabeleland North,"(25.9, -18.2)",1.0,303,0.0
2955,Hwange Rural,Matabeleland North,"(25.9, -18.1)",1.0,317,0.0
2956,Hwange Rural,Matabeleland North,"(25.9, -18.0)",1.0,303,0.0
2958,Hwange Rural,Matabeleland North,"(26.0, -19.2)",1.0,310,0.0
2959,Hwange Rural,Matabeleland North,"(26.0, -19.1)",1.0,314,0.0
2960,Hwange Rural,Matabeleland North,"(26.0, -19.0)",1.0,311,0.0
2961,Hwange Rural,Matabeleland North,"(26.0, -18.9)",1.0,317,0.0
2962,Hwange Rural,Matabeleland North,"(26.0, -18.8)",1.0,316,0.0
2963,Hwange Rural,Matabeleland North,"(26.0, -18.7)",1.0,309,0.0
2964,Hwange Rural,Matabeleland North,"(26.0, -18.6)",1.0,306,0.0
2965,Hwange Rural,Matabeleland North,"(26.0, -18.5)",1.0,303,0.0
2966,Hwange Rural,Matabeleland North,"(26.0, -18.4)",1.0,301,0.0
2967,Hwange Rural,Matabeleland North,"(26.0, -18.3)",1.0,301,0.0
2968,Hwange Rural,Matabeleland North,"(26.0, -18.2)",1.0,297,0.0
2969,Hwange Rural,Matabeleland North,"(26.0, -18.1)",1.0,317,0.0
2970,Hwange Rural,Matabeleland North,"(26.0, -18.0)",1.0,306,0.0
2972,Hwange Rural,Matabeleland North,"(26.1, -19.4)",1.0,309,0.0
2973,Hwange Rural,Matabeleland North,"(26.1, -19.3)",1.0,309,0.0
2974,Hwange Rural,Matabeleland North,"(26.1, -19.2)",1.0,309,0.0
2975,Hwange Rural,Matabeleland North,"(26.1, -19.1)",1.0,320,0.0
2976,Hwange Rural,Matabeleland North,"(26.1, -19.0)",1.0,315,0.0
2977,Hwange Rural,Matabeleland North,"(26.1, -18.9)",1.0,315,0.0
2978,Hwange Rural,Matabeleland North,"(26.1, -18.8)",1.0,314,0.0
2979,Hwange Rural,Matabeleland North,"(26.1, -18.7)",1.0,308,0.0
2980,Hwange Rural,Matabeleland North,"(26.1, -18.6)",1.0,304,0.0
2981,Hwange Rural,Matabeleland North,"(26.1, -18.5)",1.0,303,0.0
2982,Hwange Rural,Matabeleland North,"(26.1, -18.4)",1.0,306,0.0
2983,Hwange Rural,Matabeleland North,"(26.1, -18.3)",1.0,306,0.0
2984,Hwange Rural,Matabeleland North,"(26.1, -18.2)",1.0,304,0.0
2985,Hwange Rural,Matabeleland North,"(26.1, -18.1)",1.0,310,0.0
2986,Hwange Rural,Matabeleland North,"(26.1, -18.0)",1.0,314,0.0
2989,Hwange Rural,Matabeleland North,"(26.2, -19.5)",1.0,309,0.0
2990,Hwange Rural,Matabeleland North,"(26.2, -19.4)",1.0,313,0.0
2991,Hwange Rural,Matabeleland North,"(26.2, -19.3)",1.0,309,0.0
2992,Hwange Rural,Matabeleland North,"(26.2, -19.2)",1.0,309,0.0
2993,Hwange Rural,Matabeleland North,"(26.2, -19.1)",1.0,314,0.0
2994,Hwange Rural,Matabeleland North,"(26.2, -19.0)",1.0,317,0.0
2995,Hwange Rural,Matabeleland North,"(26.2, -18.9)",1.0,315,0.0
2996,Hwange Rural,Matabeleland North,"(26.2, -18.8)",1.0,311,0.0
2997,Hwange Rural,Matabeleland North,"(26.2, -18.7)",1.0,311,0.0
2998,Hwange Rural,Matabeleland North,"(26.2, -18.6)",1.0,309,0.0
2999,Hwange Rural,Matabeleland North,"(26.2, -18.5)",1.0,301,0.0
3000,Hwange Rural,Matabeleland North,"(26.2, -18.4)",1.0,301,0.0
3001,Hwange Rural,Matabeleland North,"(26.2, -18.3)",1.0,298,0.0
3002,Hwange Rural,Matabeleland North,"(26.2, -18.2)",1.0,298,0.0
3003,Hwange Rural,Matabeleland North,"(26.2, -18.1)",1.0,304,0.0
3004,Hwange Rural,Matabeleland North,"(26.2, -18.0)",1.0,316,0.0
3008,Hwange Rural,Matabeleland North,"(26.3, -19.5)",1.0,310,0.0
3009,Hwange Rural,Matabeleland North,"(26.3, -19.4)",1.0,310,0.0
3010,Hwange Rural,Matabeleland North,"(26.3, -19.3)",1.0,309,0.0
3011,Hwange Rural,Matabeleland North,"(26.3, -19.2)",1.0,309,0.0
3012,Hwange Rural,Matabeleland North,"(26.3, -19.1)",1.0,310,0.0
3013,Hwange Rural,Matabeleland North,"(26.3, -19.0)",1.0,311,0.0
3014,Hwange Rural,Matabeleland North,"(26.3, -18.9)",1.0,316,0.0
3015,Hwange Rural,Matabeleland North,"(26.3, -18.8)",1.0,314,0.0
3016,Hwange Rural,Matabeleland North,"(26.3, -18.7)",1.0,310,0.0
3017,Hwange Rural,Matabeleland North,"(26.3, -18.6)",1.0,309,0.0
3018,Hwange Rural,Matabeleland North,"(26.3, -18.5)",1.0,304,0.0
3019,Hwange Rural,Matabeleland North,"(26.3, -18.4)",1.0,303,0.0
3020,Hwange Rural,Matabeleland North,"(26.3, -18.3)",1.0,299,0.0
3021,Hwange Rural,Matabeleland North,"(26.3, -18.2)",1.0,300,0.0
3022,Hwange Rural,Matabeleland North,"(26.3, -18.1)",1.0,304,0.0
3023,Hwange Rural,Matabeleland North,"(26.3, -18.0)",1.0,304,0.0
3026,Hwange Rural,Matabeleland North,"(26.4, -19.6)",1.0,313,0.0
3027,Hwange Rural,Matabeleland North,"(26.4, -19.5)",1.0,310,0.0
3028,Hwange Rural,Matabeleland North,"(26.4, -19.4)",1.0,305,0.0
3029,Hwange Rural,Matabeleland North,"(26.4, -19.3)",1.0,313,0.0
3030,Hwange Rural,Matabeleland North,"(26.4, -19.2)",1.0,317,0.0
3031,Hwange Rural,Matabeleland North,"(26.4, -19.1)",1.0,314,0.0
3032,Hwange Rural,Matabeleland North,"(26.4, -19.0)",1.0,313,0.0
3033,Hwange Rural,Matabeleland North,"(26.4, -18.9)",1.0,313,0.0
3034,Hwange Rural,Matabeleland North,"(26.4, -18.8)",1.0,311,0.0
3035,Hwange Rural,Matabeleland North,"(26.4, -18.7)",1.0,306,0.0
3036,Hwange Rural,Matabeleland North,"(26.4, -18.6)",1.0,308,0.0
3037,Hwange Rural,Matabeleland North,"(26.4, -18.5)",1.0,308,0.0
3038,Hwange Rural,Matabeleland North,"(26.4, -18.4)",1.0,304,0.0
3039,Hwange Rural,Matabeleland North,"(26.4, -18.3)",1.0,298,0.0
3040,Hwange Rural,Matabeleland North,"(26.4, -18.2)",1.0,301,0.0
3041,Hwange Rural,Matabeleland North,"(26.4, -18.1)",1.0,298,0.0
3042,Hwange Rural,Matabeleland North,"(26.4, -18.0)",1.0,301,0.0
3045,Hwange Rural,Matabeleland North,"(26.5, -19.7)",1.0,313,0.0
3046,Hwange Rural,Matabeleland North,"(26.5, -19.6)",1.0,313,0.0
3047,Hwange Rural,Matabeleland North,"(26.5, -19.5)",1.0,311,0.0
3048,Hwange Rural,Matabeleland North,"(26.5, -19.4)",1.0,308,0.0
3049,Hwange Rural,Matabeleland North,"(26.5, -19.3)",1.0,313,0.0
3050,Hwange Rural,Matabeleland North,"(26.5, -19.2)",1.0,313,0.0
3051,Hwange Rural,Matabeleland North,"(26.5, -19.1)",1.0,316,0.0
3052,Hwange Rural,Matabeleland North,"(26.5, -19.0)",1.0,316,0.0
3053,Hwange Rural,Matabeleland North,"(26.5, -18.9)",1.0,311,0.0
3054,Hwange Rural,Matabeleland North,"(26.5, -18.8)",1.0,310,0.0
3055,Hwange Rural,Matabeleland North,"(26.5, -18.7)",1.0,311,0.0
3056,Hwange Rural,Matabeleland North,"(26.5, -18.6)",1.0,306,0.0
3057,Hwange Rural,Matabeleland North,"(26.5, -18.5)",1.0,308,0.0
3058,Hwange Rural,Matabeleland North,"(26.5, -18.4)",1.0,306,0.0
3059,Hwange Rural,Matabeleland North,"(26.5, -18.3)",1.0,301,0.0
3060,Hwange Rural,Matabeleland North,"(26.5, -18.2)",1.0,300,0.0
3061,Hwange Rural,Matabeleland North,"(26.5, -18.1)",1.0,299,0.0
3062,Hwange Rural,Matabeleland North,"(26.5, -18.0)",1.0,299,0.0
3064,Hwange Rural,Matabeleland North,"(26.6, -19.8)",1.0,335,0.0
3065,Hwange Rural,Matabeleland North,"(26.6, -19.7)",1.0,321,0.0
3066,Hwange Rural,Matabeleland North,"(26.6, -19.6)",1.0,319,0.0
3067,Hwange Rural,Matabeleland North,"(26.6, -19.5)",1.0,316,0.0
3068,Hwange Rural,Matabeleland North,"(26.6, -19.4)",1.0,314,0.0
3069,Hwange Rural,Matabeleland North,"(26.6, -19.3)",1.0,311,0.0
3070,Hwange Rural,Matabeleland North,"(26.6, -19.2)",1.0,313,0.0
3071,Hwange Rural,Matabeleland North,"(26.6, -19.1)",1.0,313,0.0
3072,Hwange Rural,Matabeleland North,"(26.6, -19.0)",1.0,315,0.0
3073,Hwange Rural,Matabeleland North,"(26.6, -18.9)",1.0,309,0.0
3074,Hwange Rural,Matabeleland North,"(26.6, -18.8)",1.0,310,0.0
3075,Hwange Rural,Matabeleland North,"(26.6, -18.7)",1.0,311,0.0
3076,Hwange Rural,Matabeleland North,"(26.6, -18.6)",1.0,310,0.0
3077,Hwange Rural,Matabeleland North,"(26.6, -18.5)",1.0,306,0.0
3078,Hwange Rural,Matabeleland North,"(26.6, -18.4)",1.0,308,0.0
3079,Hwange Rural,Matabeleland North,"(26.6, -18.3)",1.0,308,0.0
3080,Hwange Rural,Matabeleland North,"(26.6, -18.2)",1.0,303,0.0
3081,Hwange Rural,Matabeleland North,"(26.6, -18.1)",1.0,303,0.0
3083,Hwange Rural,Matabeleland North,"(26.7, -19.9)",1.0,327,0.0
3084,Hwange Rural,Matabeleland North,"(26.7, -19.8)",1.0,333,0.0
3085,Hwange Rural,Matabeleland North,"(26.7, -19.7)",1.0,324,0.0
3086,Hwange Rural,Matabeleland North,"(26.7, -19.6)",1.0,327,0.0
3087,Hwange Rural,Matabeleland North,"(26.7, -19.5)",1.0,319,0.0
3088,Hwange Rural,Matabeleland North,"(26.7, -19.4)",1.0,316,0.0
3089,Hwange Rural,Matabeleland North,"(26.7, -19.3)",1.0,310,0.0
3090,Hwange Rural,Matabeleland North,"(26.7, -19.2)",1.0,317,0.0
3091,Hwange Rural,Matabeleland North,"(26.7, -19.1)",1.0,311,0.0
3092,Hwange Rural,Matabeleland North,"(26.7, -19.0)",1.0,313,0.0
3093,Hwange Rural,Matabeleland North,"(26.7, -18.9)",1.0,313,0.0
3094,Hwange Rural,Matabeleland North,"(26.7, -18.8)",1.0,320,0.0
3095,Hwange Rural,Matabeleland North,"(26.7, -18.7)",1.0,313,0.0
3096,Hwange Rural,Matabeleland North,"(26.7, -18.6)",1.0,309,0.0
3097,Hwange Rural,Matabeleland North,"(26.7, -18.5)",1.0,306,0.0
3098,Hwange Rural,Matabeleland North,"(26.7, -18.4)",1.0,304,0.0
3099,Hwange Rural,Matabeleland North,"(26.7, -18.3)",1.0,303,0.0
3100,Hwange Rural,Matabeleland North,"(26.7, -18.2)",1.0,303,0.0
3101,Hwange Rural,Matabeleland North,"(26.7, -18.1)",1.0,304,0.0
3103,Hwange Rural,Matabeleland North,"(26.8, -19.8)",1.0,330,0.0
3104,Hwange Rural,Matabeleland North,"(26.8, -19.7)",1.0,327,0.0
3105,Hwange Rural,Matabeleland North,"(26.8, -19.6)",1.0,325,0.0
3106,Hwange Rural,Matabeleland North,"(26.8, -19.5)",1.0,317,0.0
3107,Hwange Rural,Matabeleland North,"(26.8, -19.4)",1.0,311,0.0
3108,Hwange Rural,Matabeleland North,"(26.8, -19.3)",1.0,311,0.0
3109,Hwange Rural,Matabeleland North,"(26.8, -19.2)",1.0,314,0.0
3110,Hwange Rural,Matabeleland North,"(26.8, -19.1)",1.0,309,0.0
3111,Hwange Rural,Matabeleland North,"(26.8, -19.0)",1.0,315,0.0
3112,Hwange Rural,Matabeleland North,"(26.8, -18.9)",1.0,319,0.0
3113,Hwange Rural,Matabeleland North,"(26.8, -18.8)",1.0,314,0.0
3114,Hwange Rural,Matabeleland North,"(26.8, -18.7)",1.0,316,0.0
3115,Hwange Rural,Matabeleland North,"(26.8, -18.6)",1.0,313,0.0
3116,Hwange Rural,Matabeleland North,"(26.8, -18.5)",1.0,308,0.0
3117,Hwange Rural,Matabeleland North,"(26.8, -18.4)",1.0,308,0.0
3118,Hwange Rural,Matabeleland North,"(26.8, -18.3)",1.0,306,0.0
3119,Hwange Rural,Matabeleland North,"(26.8, -18.2)",1.0,303,0.0
3120,Hwange Rural,Matabeleland North,"(26.8, -18.1)",1.0,301,0.0
3121,Hwange Rural,Matabeleland North,"(26.8, -18.0)",1.0,304,0.0
3122,Hwange Rural,Matabeleland North,"(26.9, -19.5)",1.0,315,0.0
3123,Hwange Rural,Matabeleland North,"(26.9, -19.4)",1.0,309,0.0
3124,Hwange Rural,Matabeleland North,"(26.9, -19.3)",1.0,309,0.0
3125,Hwange Rural,Matabeleland North,"(26.9, -19.2)",1.0,316,0.0
3126,Hwange Rural,Matabeleland North,"(26.9, -19.1)",1.0,321,0.0
3127,Hwange Rural,Matabeleland North,"(26.9, -19.0)",1.0,319,0.0
3128,Hwange Rural,Matabeleland North,"(26.9, -18.9)",1.0,319,0.0
3129,Hwange Rural,Matabeleland North,"(26.9, -18.8)",1.0,320,0.0
3130,Hwange Rural,Matabeleland North,"(26.9, -18.7)",1.0,316,0.0
3131,Hwange Rural,Matabeleland North,"(26.9, -18.6)",1.0,317,0.0
3132,Hwange Rural,Matabeleland North,"(26.9, -18.5)",1.0,311,0.0
3133,Hwange Rural,Matabeleland North,"(26.9, -18.4)",1.0,309,0.0
3134,Hwange Rural,Matabeleland North,"(26.9, -18.3)",1.0,309,0.0
3135,Hwange Rural,Matabeleland North,"(26.9, -18.2)",1.0,310,0.0
3136,Hwange Rural,Matabeleland North,"(26.9, -18.1)",1.0,304,0.0
3137,Hwange Rural,Matabeleland North,"(26.9, -18.0)",1.0,305,0.0
3138,Hwange Rural,Matabeleland North,"(27.0, -19.3)",1.0,311,0.0
3139,Hwange Rural,Matabeleland North,"(27.0, -19.2)",1.0,314,0.0
3140,Hwange Rural,Matabeleland North,"(27.0, -19.1)",1.0,319,0.0
3141,Hwange Rural,Matabeleland North,"(27.0, -19.0)",1.0,319,0.0
3142,Hwange Rural,Matabeleland North,"(27.0, -18.9)",1.0,311,0.0
3143,Hwange Rural,Matabeleland North,"(27.0, -18.8)",1.0,319,0.0
3144,Hwange Rural,Matabeleland North,"(27.0, -18.7)",1.0,319,0.0
3145,Hwange Rural,Matabeleland North,"(27.0, -18.6)",1.0,315,0.0
3146,Hwange Rural,Matabeleland North,"(27.0, -18.5)",1.0,311,0.0
3147,Hwange Rural,Matabeleland North,"(27.0, -18.4)",1.0,310,0.0
3148,Hwange Rural,Matabeleland North,"(27.0, -18.3)",1.0,314,0.0
3149,Hwange Rural,Matabeleland North,"(27.0, -18.2)",1.0,309,0.0
3150,Hwange Rural,Matabeleland North,"(27.1, -19.3)",1.0,314,0.0
3151,Hwange Rural,Matabeleland North,"(27.1, -19.2)",1.0,316,0.0
3152,Hwange Rural,Matabeleland North,"(27.1, -19.1)",1.0,321,0.0
3153,Hwange Rural,Matabeleland North,"(27.1, -19.0)",1.0,310,0.0
3154,Hwange Rural,Matabeleland North,"(27.1, -18.9)",1.0,315,0.0
3155,Hwange Rural,Matabeleland North,"(27.1, -18.8)",1.0,315,0.0
3156,Hwange Rural,Matabeleland North,"(27.1, -18.7)",1.0,315,0.0
3157,Hwange Rural,Matabeleland North,"(27.1, -18.6)",1.0,309,0.0
3158,Hwange Rural,Matabeleland North,"(27.1, -18.5)",1.0,310,0.0
3159,Hwange Rural,Matabeleland North,"(27.1, -18.4)",1.0,309,0.0
3160,Hwange Rural,Matabeleland North,"(27.1, -18.3)",1.0,310,0.0
3161,Hwange Rural,Matabeleland North,"(27.1, -18.2)",1.0,313,0.0
3162,Hwange Rural,Matabeleland North,"(27.2, -19.3)",1.0,316,0.0
3163,Hwange Rural,Matabeleland North,"(27.2, -19.2)",1.0,316,0.0
3164,Hwange Rural,Matabeleland North,"(27.2, -19.1)",1.0,318,0.0
3165,Hwange Rural,Matabeleland North,"(27.2, -19.0)",1.0,314,0.0
3166,Hwange Rural,Matabeleland North,"(27.2, -18.9)",1.0,314,0.0
3167,Hwange Rural,Matabeleland North,"(27.2, -18.8)",1.0,311,0.0
3168,Hwange Rural,Matabeleland North,"(27.2, -18.7)",1.0,311,0.0
3169,Hwange Rural,Matabeleland North,"(27.2, -18.5)",1.0,309,0.0
3170,Hwange Rural,Matabeleland North,"(27.2, -18.4)",1.0,305,0.0
3171,Hwange Rural,Matabeleland North,"(27.2, -18.3)",1.0,308,0.0
3172,Hwange Rural,Matabeleland North,"(27.3, -19.3)",1.0,311,0.0
3173,Hwange Rural,Matabeleland North,"(27.3, -19.2)",1.0,316,0.0
3174,Hwange Rural,Matabeleland North,"(27.3, -19.1)",1.0,314,0.0
3175,Hwange Rural,Matabeleland North,"(27.3, -19.0)",1.0,305,0.0
3176,Hwange Rural,Matabeleland North,"(27.3, -18.9)",1.0,309,0.0
3177,Hwange Rural,Matabeleland North,"(27.3, -18.8)",1.0,313,0.0
3178,Hwange Rural,Matabeleland North,"(27.3, -18.4)",1.0,304,0.0
3179,Hwange Rural,Matabeleland North,"(27.3, -18.3)",1.0,309,0.0
3180,Hwange Rural,Matabeleland North,"(27.4, -19.2)",1.0,311,0.0
3181,Hwange Rural,Matabeleland North,"(27.4, -19.1)",1.0,313,0.0
3182,Hwange Rural,Matabeleland North,"(27.4, -19.0)",1.0,308,0.0
3183,Hwange Rural,Matabeleland North,"(27.4, -18.9)",1.0,314,0.0
3184,Hwange Rural,Matabeleland North,"(27.4, -18.8)",1.0,320,0.0
3185,Hwange Rural,Matabeleland North,"(27.5, -19.2)",1.0,306,0.0
3186,Hwange Rural,Matabeleland North,"(27.5, -19.1)",1.0,305,0.0
3196,Lupane,Matabeleland North,"(27.0, -18.7)",1.0,319,0.0
3197,Lupane,Matabeleland North,"(27.0, -18.6)",1.0,315,0.0
3198,Lupane,Matabeleland North,"(27.1, -18.7)",1.0,315,0.0
3199,Lupane,Matabeleland North,"(27.1, -18.6)",1.0,309,0.0
3200,Lupane,Matabeleland North,"(27.1, -18.5)",1.0,310,0.0
3201,Lupane,Matabeleland North,"(27.2, -18.8)",1.0,311,0.0
3202,Lupane,Matabeleland North,"(27.2, -18.7)",1.0,311,0.0
3203,Lupane,Matabeleland North,"(27.2, -18.6)",1.0,309,0.0
3204,Lupane,Matabeleland North,"(27.2, -18.5)",1.0,309,0.0
3205,Lupane,Matabeleland North,"(27.3, -19.0)",1.0,305,0.0
3206,Lupane,Matabeleland North,"(27.3, -18.9)",1.0,309,0.0
3207,Lupane,Matabeleland North,"(27.3, -18.8)",1.0,313,0.0
3208,Lupane,Matabeleland North,"(27.3, -18.7)",1.0,310,0.0
3209,Lupane,Matabeleland North,"(27.3, -18.6)",1.0,314,0.0
3210,Lupane,Matabeleland North,"(27.3, -18.5)",1.0,313,0.0
3211,Lupane,Matabeleland North,"(27.3, -18.4)",1.0,304,0.0
3212,Lupane,Matabeleland North,"(27.4, -19.1)",1.0,313,0.0
3213,Lupane,Matabeleland North,"(27.4, -19.0)",1.0,308,0.0
3214,Lupane,Matabeleland North,"(27.4, -18.9)",1.0,314,0.0
3215,Lupane,Matabeleland North,"(27.4, -18.8)",1.0,320,0.0
3216,Lupane,Matabeleland North,"(27.4, -18.7)",1.0,314,0.0
3217,Lupane,Matabeleland North,"(27.4, -18.6)",1.0,314,0.0
3218,Lupane,Matabeleland North,"(27.4, -18.5)",1.0,313,0.0
3219,Lupane,Matabeleland North,"(27.4, -18.4)",1.0,314,0.0
3220,Lupane,Matabeleland North,"(27.5, -19.1)",1.0,305,0.0
3221,Lupane,Matabeleland North,"(27.5, -19.0)",1.0,311,0.0
3222,Lupane,Matabeleland North,"(27.5, -18.9)",1.0,317,0.0
3223,Lupane,Matabeleland North,"(27.5, -18.8)",1.0,319,0.0
3224,Lupane,Matabeleland North,"(27.5, -18.7)",1.0,311,0.0
3225,Lupane,Matabeleland North,"(27.5, -18.6)",1.0,310,0.0
3226,Lupane,Matabeleland North,"(27.5, -18.5)",1.0,306,0.0
3227,Lupane,Matabeleland North,"(27.5, -18.4)",1.0,309,0.0
3228,Lupane,Matabeleland North,"(27.6, -19.1)",1.0,310,0.0
3229,Lupane,Matabeleland North,"(27.6, -19.0)",1.0,313,0.0
3230,Lupane,Matabeleland North,"(27.6, -18.9)",1.0,317,0.0
3231,Lupane,Matabeleland North,"(27.6, -18.8)",1.0,315,0.0
3232,Lupane,Matabeleland North,"(27.6, -18.7)",1.0,305,0.0
3233,Lupane,Matabeleland North,"(27.6, -18.6)",1.0,308,0.0
3234,Lupane,Matabeleland North,"(27.6, -18.5)",1.0,310,0.0
3235,Lupane,Matabeleland North,"(27.6, -18.4)",1.0,309,0.0
3236,Lupane,Matabeleland North,"(27.7, -19.5)",1.0,310,0.0
3237,Lupane,Matabeleland North,"(27.7, -19.4)",1.0,314,0.0
3238,Lupane,Matabeleland North,"(27.7, -19.3)",1.0,311,0.0
3239,Lupane,Matabeleland North,"(27.7, -19.2)",1.0,311,0.0
3240,Lupane,Matabeleland North,"(27.7, -19.1)",1.0,316,0.0
3241,Lupane,Matabeleland North,"(27.7, -19.0)",1.0,314,0.0
3242,Lupane,Matabeleland North,"(27.7, -18.9)",1.0,310,0.0
3243,Lupane,Matabeleland North,"(27.7, -18.8)",1.0,315,0.0
3244,Lupane,Matabeleland North,"(27.7, -18.7)",1.0,313,0.0
3245,Lupane,Matabeleland North,"(27.7, -18.6)",1.0,319,0.0
3246,Lupane,Matabeleland North,"(27.7, -18.5)",1.0,313,0.0
3247,Lupane,Matabeleland North,"(27.7, -18.4)",1.0,309,0.0
3248,Lupane,Matabeleland North,"(27.8, -19.5)",1.0,309,0.0
3249,Lupane,Matabeleland North,"(27.8, -19.4)",1.0,316,0.0
3250,Lupane,Matabeleland North,"(27.8, -19.3)",1.0,310,0.0
3251,Lupane,Matabeleland North,"(27.8, -19.2)",1.0,308,0.0
3252,Lupane,Matabeleland North,"(27.8, -19.1)",1.0,311,0.0
3253,Lupane,Matabeleland North,"(27.8, -19.0)",1.0,314,0.0
3254,Lupane,Matabeleland North,"(27.8, -18.9)",1.0,313,0.0
3255,Lupane,Matabeleland North,"(27.8, -18.8)",1.0,313,0.0
3256,Lupane,Matabeleland North,"(27.8, -18.7)",1.0,316,0.0
3257,Lupane,Matabeleland North,"(27.8, -18.6)",1.0,310,0.0
3258,Lupane,Matabeleland North,"(27.8, -18.5)",1.0,316,0.0
3259,Lupane,Matabeleland North,"(27.8, -18.4)",1.0,310,0.0
3260,Lupane,Matabeleland North,"(27.9, -19.5)",1.0,315,0.0
3261,Lupane,Matabeleland North,"(27.9, -19.4)",1.0,314,0.0
3262,Lupane,Matabeleland North,"(27.9, -19.3)",1.0,314,0.0
3263,Lupane,Matabeleland North,"(27.9, -19.2)",1.0,308,0.0
3264,Lupane,Matabeleland North,"(27.9, -19.1)",1.0,310,0.0
3265,Lupane,Matabeleland North,"(27.9, -19.0)",1.0,308,0.0
3266,Lupane,Matabeleland North,"(27.9, -18.9)",1.0,313,0.0
3267,Lupane,Matabeleland North,"(27.9, -18.8)",1.0,306,0.0
3268,Lupane,Matabeleland North,"(27.9, -18.7)",1.0,316,0.0
3269,Lupane,Matabeleland North,"(27.9, -18.6)",1.0,313,0.0
3270,Lupane,Matabeleland North,"(27.9, -18.5)",1.0,317,0.0
3271,Lupane,Matabeleland North,"(27.9, -18.4)",1.0,311,0.0
3272,Lupane,Matabeleland North,"(27.9, -18.3)",1.0,316,0.0
3273,Lupane,Matabeleland North,"(28.0, -19.4)",1.0,315,0.0
3274,Lupane,Matabeleland North,"(28.0, -19.3)",1.0,309,0.0
3275,Lupane,Matabeleland North,"(28.0, -19.2)",1.0,305,0.0
3276,Lupane,Matabeleland North,"(28.0, -19.1)",1.0,309,0.0
3277,Lupane,Matabeleland North,"(28.0, -19.0)",1.0,306,0.0
3278,Lupane,Matabeleland North,"(28.0, -18.9)",1.0,309,0.0
3279,Lupane,Matabeleland North,"(28.0, -18.8)",1.0,310,0.0
3280,Lupane,Matabeleland North,"(28.0, -18.7)",1.0,317,0.0
3281,Lupane,Matabeleland North,"(28.0, -18.6)",1.0,313,0.0
3282,Lupane,Matabeleland North,"(28.0, -18.5)",1.0,317,0.0
3283,Lupane,Matabeleland North,"(28.0, -18.4)",1.0,313,0.0
3284,Lupane,Matabeleland North,"(28.0, -18.3)",1.0,315,0.0
3285,Lupane,Matabeleland North,"(28.0, -18.2)",1.0,315,0.0
3286,Lupane,Matabeleland North,"(28.1, -19.3)",1.0,310,0.0
3287,Lupane,Matabeleland North,"(28.1, -19.2)",1.0,308,0.0
3288,Lupane,Matabeleland North,"(28.1, -19.1)",1.0,304,0.0
3289,Lupane,Matabeleland North,"(28.1, -19.0)",1.0,309,0.0
3290,Lupane,Matabeleland North,"(28.1, -18.9)",1.0,313,0.0
3291,Lupane,Matabeleland North,"(28.1, -18.8)",1.0,310,0.0
3292,Lupane,Matabeleland North,"(28.1, -18.7)",1.0,313,0.0
3293,Lupane,Matabeleland North,"(28.1, -18.6)",1.0,317,0.0
3294,Lupane,Matabeleland North,"(28.1, -18.5)",1.0,324,0.0
3295,Lupane,Matabeleland North,"(28.2, -19.2)",1.0,311,0.0
3296,Lupane,Matabeleland North,"(28.2, -19.1)",1.0,306,0.0
3297,Lupane,Matabeleland North,"(28.2, -19.0)",1.0,304,0.0
3298,Lupane,Matabeleland North,"(28.2, -18.9)",1.0,305,0.0
3299,Lupane,Matabeleland North,"(28.2, -18.8)",1.0,305,0.0
3300,Lupane,Matabeleland North,"(28.2, -18.7)",1.0,315,0.0
3301,Lupane,Matabeleland North,"(28.2, -18.6)",1.0,315,0.0
3302,Lupane,Matabeleland North,"(28.3, -19.2)",1.0,313,0.0
3303,Lupane,Matabeleland North,"(28.3, -19.1)",1.0,305,0.0
3304,Lupane,Matabeleland North,"(28.3, -19.0)",1.0,309,0.0
3305,Lupane,Matabeleland North,"(28.3, -18.9)",1.0,305,0.0
3306,Lupane,Matabeleland North,"(28.3, -18.8)",1.0,306,0.0
3307,Lupane,Matabeleland North,"(28.3, -18.7)",1.0,313,0.0
3308,Lupane,Matabeleland North,"(28.3, -18.6)",1.0,317,0.0
3309,Lupane,Matabeleland North,"(28.4, -19.2)",1.0,310,0.0
3310,Lupane,Matabeleland North,"(28.4, -19.1)",1.0,305,0.0
3311,Nkayi,Matabeleland North,"(28.3, -19.1)",1.0,305,0.0
3312,Nkayi,Matabeleland North,"(28.3, -19.0)",1.0,309,0.0
3313,Nkayi,Matabeleland North,"(28.3, -18.9)",1.0,305,0.0
3314,Nkayi,Matabeleland North,"(28.3, -18.8)",1.0,306,0.0
3315,Nkayi,Matabeleland North,"(28.3, -18.7)",1.0,313,0.0
3316,Nkayi,Matabeleland North,"(28.3, -18.6)",1.0,317,0.0
3317,Nkayi,Matabeleland North,"(28.4, -19.2)",1.0,310,0.0
3318,Nkayi,Matabeleland North,"(28.4, -19.1)",1.0,305,0.0
3319,Nkayi,Matabeleland North,"(28.4, -19.0)",1.0,314,0.0
3320,Nkayi,Matabeleland North,"(28.4, -18.9)",1.0,309,0.0
3321,Nkayi,Matabeleland North,"(28.4, -18.8)",1.0,305,0.0
3322,Nkayi,Matabeleland North,"(28.4, -18.7)",1.0,315,0.0
3323,Nkayi,Matabeleland North,"(28.4, -18.6)",1.0,315,0.0
3324,Nkayi,Matabeleland North,"(28.5, -19.2)",1.0,308,0.0
3325,Nkayi,Matabeleland North,"(28.5, -19.1)",1.0,305,0.0
3326,Nkayi,Matabeleland North,"(28.5, -19.0)",1.0,311,0.0
3327,Nkayi,Matabeleland North,"(28.5, -18.9)",1.0,310,0.0
3328,Nkayi,Matabeleland North,"(28.5, -18.8)",1.0,305,0.0
3329,Nkayi,Matabeleland North,"(28.5, -18.7)",1.0,313,0.0
3330,Nkayi,Matabeleland North,"(28.5, -18.6)",1.0,319,0.0
3331,Nkayi,Matabeleland North,"(28.6, -19.2)",1.0,306,0.0
3332,Nkayi,Matabeleland North,"(28.6, -19.1)",1.0,313,0.0
3333,Nkayi,Matabeleland North,"(28.6, -19.0)",1.0,310,0.0
3334,Nkayi,Matabeleland North,"(28.6, -18.9)",1.0,309,0.0
3335,Nkayi,Matabeleland North,"(28.6, -18.8)",1.0,308,0.0
3336,Nkayi,Matabeleland North,"(28.6, -18.7)",1.0,311,0.0
3337,Nkayi,Matabeleland North,"(28.6, -18.6)",1.0,313,0.0
3338,Nkayi,Matabeleland North,"(28.7, -19.3)",1.0,303,0.0
3339,Nkayi,Matabeleland North,"(28.7, -19.2)",1.0,306,0.0
3340,Nkayi,Matabeleland North,"(28.7, -19.1)",1.0,311,0.0
3341,Nkayi,Matabeleland North,"(28.7, -19.0)",1.0,310,0.0
3342,Nkayi,Matabeleland North,"(28.7, -18.9)",1.0,309,0.0
3343,Nkayi,Matabeleland North,"(28.7, -18.8)",1.0,309,0.0
3344,Nkayi,Matabeleland North,"(28.7, -18.7)",1.0,306,0.0
3345,Nkayi,Matabeleland North,"(28.7, -18.6)",1.0,313,0.0
3346,Nkayi,Matabeleland North,"(28.8, -19.3)",1.0,305,0.0
3347,Nkayi,Matabeleland North,"(28.8, -19.2)",1.0,309,0.0
3348,Nkayi,Matabeleland North,"(28.8, -19.1)",1.0,311,0.0
3349,Nkayi,Matabeleland North,"(28.8, -19.0)",1.0,310,0.0
3350,Nkayi,Matabeleland North,"(28.8, -18.9)",1.0,304,0.0
3351,Nkayi,Matabeleland North,"(28.8, -18.8)",1.0,305,0.0
3352,Nkayi,Matabeleland North,"(28.8, -18.7)",1.0,308,0.0
3353,Nkayi,Matabeleland North,"(28.8, -18.6)",1.0,309,0.0
3354,Nkayi,Matabeleland North,"(28.9, -19.3)",1.0,303,0.0
3355,Nkayi,Matabeleland North,"(28.9, -19.2)",1.0,308,0.0
3356,Nkayi,Matabeleland North,"(28.9, -19.1)",1.0,308,0.0
3357,Nkayi,Matabeleland North,"(28.9, -19.0)",1.0,308,0.0
3358,Nkayi,Matabeleland North,"(28.9, -18.9)",1.0,311,0.0
3359,Nkayi,Matabeleland North,"(28.9, -18.8)",1.0,313,0.0
3360,Nkayi,Matabeleland North,"(28.9, -18.7)",1.0,306,0.0
3361,Nkayi,Matabeleland North,"(28.9, -18.6)",1.0,315,0.0
3362,Nkayi,Matabeleland North,"(29.0, -19.2)",1.0,305,0.0
3363,Nkayi,Matabeleland North,"(29.0, -19.1)",1.0,305,0.0
3364,Nkayi,Matabeleland North,"(29.0, -19.0)",1.0,306,0.0
3365,Nkayi,Matabeleland North,"(29.0, -18.7)",1.0,314,0.0
3366,Nkayi,Matabeleland North,"(29.0, -18.6)",1.0,310,0.0
3367,Nkayi,Matabeleland North,"(29.1, -18.7)",1.0,313,0.0
3368,Nkayi,Matabeleland North,"(29.1, -18.6)",1.0,305,0.0
3369,Tsholotsho,Matabeleland North,"(26.7, -19.9)",1.0,327,0.0
3370,Tsholotsho,Matabeleland North,"(26.7, -19.8)",1.0,333,0.0
3371,Tsholotsho,Matabeleland North,"(26.8, -19.9)",1.0,334,0.0
3372,Tsholotsho,Matabeleland North,"(26.8, -19.8)",1.0,330,0.0
3373,Tsholotsho,Matabeleland North,"(26.8, -19.7)",1.0,327,0.0
3374,Tsholotsho,Matabeleland North,"(26.8, -19.6)",1.0,325,0.0
3375,Tsholotsho,Matabeleland North,"(26.8, -19.5)",1.0,317,0.0
3376,Tsholotsho,Matabeleland North,"(26.9, -19.8)",1.0,331,0.0
3377,Tsholotsho,Matabeleland North,"(26.9, -19.7)",1.0,329,0.0
3378,Tsholotsho,Matabeleland North,"(26.9, -19.6)",1.0,325,0.0
3379,Tsholotsho,Matabeleland North,"(26.9, -19.5)",1.0,315,0.0
3380,Tsholotsho,Matabeleland North,"(26.9, -19.4)",1.0,309,0.0
3381,Tsholotsho,Matabeleland North,"(26.9, -19.3)",1.0,309,0.0
3382,Tsholotsho,Matabeleland North,"(27.0, -19.8)",1.0,331,0.0
3383,Tsholotsho,Matabeleland North,"(27.0, -19.7)",1.0,325,0.0
3384,Tsholotsho,Matabeleland North,"(27.0, -19.6)",1.0,317,0.0
3385,Tsholotsho,Matabeleland North,"(27.0, -19.5)",1.0,314,0.0
3386,Tsholotsho,Matabeleland North,"(27.0, -19.4)",1.0,309,0.0
3387,Tsholotsho,Matabeleland North,"(27.0, -19.3)",1.0,311,0.0
3388,Tsholotsho,Matabeleland North,"(27.1, -19.8)",1.0,321,0.0
3389,Tsholotsho,Matabeleland North,"(27.1, -19.7)",1.0,322,0.0
3390,Tsholotsho,Matabeleland North,"(27.1, -19.6)",1.0,315,0.0
3391,Tsholotsho,Matabeleland North,"(27.1, -19.5)",1.0,316,0.0
3392,Tsholotsho,Matabeleland North,"(27.1, -19.4)",1.0,310,0.0
3393,Tsholotsho,Matabeleland North,"(27.1, -19.3)",1.0,314,0.0
3394,Tsholotsho,Matabeleland North,"(27.2, -19.8)",1.0,316,0.0
3395,Tsholotsho,Matabeleland North,"(27.2, -19.7)",1.0,314,0.0
3396,Tsholotsho,Matabeleland North,"(27.2, -19.6)",1.0,309,0.0
3397,Tsholotsho,Matabeleland North,"(27.2, -19.5)",1.0,317,0.0
3398,Tsholotsho,Matabeleland North,"(27.2, -19.4)",1.0,311,0.0
3399,Tsholotsho,Matabeleland North,"(27.2, -19.3)",1.0,316,0.0
3400,Tsholotsho,Matabeleland North,"(27.3, -19.8)",1.0,317,0.0
3401,Tsholotsho,Matabeleland North,"(27.3, -19.7)",1.0,313,0.0
3402,Tsholotsho,Matabeleland North,"(27.3, -19.6)",1.0,306,0.0
3403,Tsholotsho,Matabeleland North,"(27.3, -19.5)",1.0,315,0.0
3404,Tsholotsho,Matabeleland North,"(27.3, -19.4)",1.0,311,0.0
3405,Tsholotsho,Matabeleland North,"(27.3, -19.3)",1.0,311,0.0
3406,Tsholotsho,Matabeleland North,"(27.3, -19.2)",1.0,316,0.0
3407,Tsholotsho,Matabeleland North,"(27.4, -19.8)",1.0,318,0.0
3408,Tsholotsho,Matabeleland North,"(27.4, -19.7)",1.0,314,0.0
3409,Tsholotsho,Matabeleland North,"(27.4, -19.6)",1.0,310,0.0
3410,Tsholotsho,Matabeleland North,"(27.4, -19.5)",1.0,314,0.0
3411,Tsholotsho,Matabeleland North,"(27.4, -19.4)",1.0,308,0.0
3412,Tsholotsho,Matabeleland North,"(27.4, -19.3)",1.0,313,0.0
3413,Tsholotsho,Matabeleland North,"(27.4, -19.2)",1.0,311,0.0
3414,Tsholotsho,Matabeleland North,"(27.4, -19.1)",1.0,313,0.0
3415,Tsholotsho,Matabeleland North,"(27.5, -19.9)",1.0,311,0.0
3416,Tsholotsho,Matabeleland North,"(27.5, -19.8)",1.0,313,0.0
3417,Tsholotsho,Matabeleland North,"(27.5, -19.7)",1.0,310,0.0
3418,Tsholotsho,Matabeleland North,"(27.5, -19.6)",1.0,310,0.0
3419,Tsholotsho,Matabeleland North,"(27.5, -19.5)",1.0,311,0.0
3420,Tsholotsho,Matabeleland North,"(27.5, -19.4)",1.0,306,0.0
3421,Tsholotsho,Matabeleland North,"(27.5, -19.3)",1.0,305,0.0
3422,Tsholotsho,Matabeleland North,"(27.5, -19.2)",1.0,306,0.0
3423,Tsholotsho,Matabeleland North,"(27.5, -19.1)",1.0,305,0.0
3424,Tsholotsho,Matabeleland North,"(27.6, -20.0)",1.0,314,0.0
3425,Tsholotsho,Matabeleland North,"(27.6, -19.9)",1.0,306,0.0
3426,Tsholotsho,Matabeleland North,"(27.6, -19.8)",1.0,313,0.0
3427,Tsholotsho,Matabeleland North,"(27.6, -19.7)",1.0,311,0.0
3428,Tsholotsho,Matabeleland North,"(27.6, -19.6)",1.0,311,0.0
3429,Tsholotsho,Matabeleland North,"(27.6, -19.5)",1.0,311,0.0
3430,Tsholotsho,Matabeleland North,"(27.6, -19.4)",1.0,313,0.0
3431,Tsholotsho,Matabeleland North,"(27.6, -19.3)",1.0,311,0.0
3432,Tsholotsho,Matabeleland North,"(27.6, -19.2)",1.0,305,0.0
3433,Tsholotsho,Matabeleland North,"(27.6, -19.1)",1.0,310,0.0
3434,Tsholotsho,Matabeleland North,"(27.7, -20.1)",1.0,305,0.0
3435,Tsholotsho,Matabeleland North,"(27.7, -20.0)",1.0,310,0.0
3436,Tsholotsho,Matabeleland North,"(27.7, -19.9)",1.0,310,0.0
3437,Tsholotsho,Matabeleland North,"(27.7, -19.8)",1.0,311,0.0
3438,Tsholotsho,Matabeleland North,"(27.7, -19.7)",1.0,305,0.0
3439,Tsholotsho,Matabeleland North,"(27.7, -19.6)",1.0,313,0.0
3440,Tsholotsho,Matabeleland North,"(27.7, -19.5)",1.0,310,0.0
3441,Tsholotsho,Matabeleland North,"(27.7, -19.4)",1.0,314,0.0
3442,Tsholotsho,Matabeleland North,"(27.7, -19.3)",1.0,311,0.0
3443,Tsholotsho,Matabeleland North,"(27.7, -19.2)",1.0,311,0.0
3444,Tsholotsho,Matabeleland North,"(27.7, -19.1)",1.0,316,0.0
3445,Tsholotsho,Matabeleland North,"(27.8, -20.2)",1.0,304,0.0
3446,Tsholotsho,Matabeleland North,"(27.8, -20.1)",1.0,305,0.0
3447,Tsholotsho,Matabeleland North,"(27.8, -20.0)",1.0,313,0.0
3448,Tsholotsho,Matabeleland North,"(27.8, -19.9)",1.0,305,0.0
3449,Tsholotsho,Matabeleland North,"(27.8, -19.8)",1.0,304,0.0
3450,Tsholotsho,Matabeleland North,"(27.8, -19.7)",1.0,308,0.0
3451,Tsholotsho,Matabeleland North,"(27.8, -19.6)",1.0,308,0.0
3452,Tsholotsho,Matabeleland North,"(27.8, -19.5)",1.0,309,0.0
3453,Tsholotsho,Matabeleland North,"(27.9, -20.2)",1.0,304,0.0
3454,Tsholotsho,Matabeleland North,"(27.9, -20.1)",1.0,306,0.0
3455,Tsholotsho,Matabeleland North,"(27.9, -20.0)",1.0,311,0.0
3456,Tsholotsho,Matabeleland North,"(27.9, -19.9)",1.0,305,0.0
3457,Tsholotsho,Matabeleland North,"(27.9, -19.8)",1.0,304,0.0
3458,Tsholotsho,Matabeleland North,"(28.0, -20.1)",1.0,304,0.0
3459,Tsholotsho,Matabeleland North,"(28.0, -20.0)",1.0,309,0.0
3460,Tsholotsho,Matabeleland North,"(28.0, -19.9)",1.0,306,0.0
3461,Tsholotsho,Matabeleland North,"(28.1, -20.1)",1.0,304,0.0
3462,Tsholotsho,Matabeleland North,"(28.1, -20.0)",1.0,306,0.0
